FLEX Test,FLEX Identifier,Date,Greenwich mean time,Fuel,Ambient pressure mmHg,Initial ambient composition mole fraction O2,Initial ambient composition mole fraction N2,Initial ambient composition mole fraction CO2,Initial ambient composition mole fraction He,Droplet initial diameter mm,Visible flame extinction diameter mm,Burning rate mm2/s,Burn time s,Test end
FLEX-001,20CAL08,3/5/09,17:22:03,Methanol,757.7,0.21,0.79,0.0,0.0,1.69,0.89,0.52,4.3,Disruption
FLEX-002,20CAL10,3/5/09,19:20:06,Methanol,762.0,0.21,0.79,0.0,0.0,1.86,0.94,0.6,5,Extinction
FLEX-003,20CAL12,3/5/09,21:17:46,Methanol,764.2,0.21,0.79,0.0,0.0,1.61,0.92,0.58,3.2,Extinction
FLEX-004,30CAL02,3/31/09,17:16:18,Methanol,760.0,0.21,0.79,0.0,0.0,2.06,-,0.6,7.64,Extinction
FLEX-005,30CAL03,3/31/09,19:00:48,Methanol,760.0,0.21,0.79,0.0,0.0,1.92,0.81,0.48,6.34,Extinction
FLEX-006,40CAL01,3/31/09,20:05:49,Methanol,760.0,0.21,0.79,0.0,0.0,2.54,1.53,0.51,9.6,Extinction
FLEX-007,20CAL13,4/10/09,13:26:11,Heptane,761.3,0.21,0.79,0.0,0.0,1.87,-,0.67,5.3,Disruption
FLEX-008,30CAL06,4/10/09,18:07:15,Heptane,762.4,0.21,0.79,0.0,0.0,2.95,-,0.79,14.8,Disruption
FLEX-010,256F002,5/22/09,14:53:27,Methanol,2319.7,0.21,0.09,0.7,0.0,3.86,-,0.37,13.6,Extinction
FLEX-011,256R001,5/22/09,15:33:47,Methanol,2318.8,0.21,0.09,0.7,0.0,3.03,-,0.4,16.5,Extinction
FLEX-013,256R002,6/25/09,15:33:05,Methanol,2074.2,0.21,0.09,0.7,0.0,2.59,-,0.49,10.8,Extinction
FLEX-014,256F007,6/29/09,12:26:06,Methanol,2055.6,0.21,0.09,0.7,0.0,3.7,-,-,11.3,Extinction
FLEX-015,256F008,6/29/09,13:56:06,Methanol,2066.6,0.21,0.09,0.7,0.0,4.42,-,-,23.1,Extinction
FLEX-016,256F009,6/29/09,15:34:58,Methanol,2072.1,0.21,0.09,0.7,0.0,1.66,1,0.53,3.4,Extinction
FLEX-017,240R003,7/1/09,12:28:41,Methanol,1545.7,0.21,0.09,0.7,0.0,2.67,-,-,2.4,Disruption
FLEX-018,248F001,7/1/09,16:28:56,Heptane,1553.8,0.21,0.09,0.7,0.0,2.74,1.77,0.61,8.1,Extinction
FLEX-019,196F001,8/26/09,19:07:28,Methanol,539.1,0.34,0.66,0.0,0.0,3.39,-,0.9,4.2,Disruption
FLEX-020,192F001,10/24/09,14:09:04,Methanol,539.5,0.34,0.66,0.0,0.0,3.4,1.56,0.53,17.4,Completion
FLEX-021,192F002,10/24/09,15:15:24,Methanol,540.6,0.34,0.66,0.0,0.0,3.49,0.95,0.66,17.8,Disruption
FLEX-022,192F003,10/24/09,15:39:48,Methanol,540.5,0.34,0.66,0.0,0.0,3.5,-,0.65,18.2,Disruption
FLEX-023,196F002,10/24/09,18:29:53,Heptane,541.8,0.34,0.66,0.0,0.0,3.01,-,0.73,13.1,Disruption
FLEX-025,191R001,11/9/09,11:42:23,Methanol,537.3,0.3,0.7,0.0,0.0,2.6,0.59,0.65,10.3,Completion
FLEX-026,191F001,11/9/09,11:59:59,Methanol,538.4,0.3,0.7,0.0,0.0,3.63,0.4,0.62,22.2,Disruption
FLEX-027,195F001,11/9/09,14:04:11,Heptane,540.7,0.3,0.7,0.0,0.0,3.87,-,0.64,23.8,Disruption
FLEX-028,195F002,11/9/09,14:56:05,Heptane,539.7,0.3,0.7,0.0,0.0,3.36,-,0.64,17.3,Disruption
FLEX-029,178R001,11/13/09,13:11:23,Methanol,766.9,0.3,0.7,0.0,0.0,2.57,-,0.74,10.4,Completion
FLEX-030,178F001,11/13/09,14:03:46,Methanol,769.2,0.3,0.7,0.0,0.0,3.26,1.32,0.59,15.6,Extinction
FLEX-031,182F001,11/13/09,18:33:39,Heptane,770.5,0.3,0.7,0.0,0.0,3.39,-,0.85,18.4,Disruption
FLEX-032,182F002,11/13/09,19:04:33,Heptane,771.0,0.3,0.7,0.0,0.0,3.07,-,0.68,14,Completion
FLEX-033,177R002,11/27/09,10:02:15,Methanol,764.5,0.21,0.79,0.0,0.0,2.62,1.25,0.48,11.4,Extinction
FLEX-034,177F001,11/27/09,11:15:38,Methanol,767.7,0.21,0.79,0.0,0.0,3.89,2,0.44,27.3,Extinction
FLEX-035,181F001,11/27/09,13:01:24,Heptane,768.1,0.21,0.79,0.0,0.0,3.85,3.34,0.43,8.9,Extinction
FLEX-036,190R002,12/15/09,10:39:35,Methanol,539.0,0.2,0.8,0.0,0.0,2.4,1.67,0.45,7.1,Extinction
FLEX-037,220R001,1/7/10,19:08:46,Methanol,534.3,0.34,0.66,0.0,0.0,3.31,-,0.72,10.7,Disruption
FLEX-038,220R002,1/7/10,19:20:38,Methanol,534.4,0.34,0.66,0.0,0.0,3.59,-,0.71,15.3,Disruption
FLEX-039,224F001,1/7/10,21:51:19,Heptane,534.9,0.34,0.66,0.0,0.0,2.91,0,0.8,9.9,Disruption
FLEX-040,219R001,1/8/10,5:02:52,Methanol,535.1,0.3,0.7,0.0,0.0,3.77,-,0.62,19.2,Disruption
FLEX-041,219F001,1/8/10,4:41:55,Methanol,534.3,0.3,0.7,0.0,0.0,3.35,-,0.65,14.1,Disruption
FLEX-042,223F001,1/8/10,1:02:04,Heptane,535.0,0.3,0.7,0.0,0.0,2.92,-,0.58,11.3,Disruption
FLEX-043,223F002,1/8/10,3:16:16,Heptane,534.9,0.3,0.7,0.0,0.0,2.97,0,0.78,11.4,Disruption
FLEX-044,206F001,1/11/10,10:33:22,Methanol,766.8,0.3,0.7,0.0,0.0,3.49,-,0.63,16.6,Disruption
FLEX-045,206R001,1/11/10,10:54:25,Methanol,768.3,0.3,0.7,0.0,0.0,2.42,1.01,0.73,6.6,Extinction
FLEX-046,205R001,1/12/10,13:14:25,Methanol,769.5,0.21,0.79,0.0,0.0,2.78,1.08,0.54,13.1,Extinction
FLEX-047,209F001,1/12/10,15:48:17,Heptane,770.1,0.21,0.79,0.0,0.0,3.36,-,0.5,17.1,Completion
FLEX-048,205F001,1/12/10,12:14:55,Methanol,768.7,0.21,0.79,0.0,0.0,3.66,-,0.27,23.5,Disruption
FLEX-049,209F003,1/19/10,9:09:16,Heptane,764.9,0.21,0.79,0.0,0.0,3.46,2.78,0.59,8.6,Extinction
FLEX-050,209F004,1/19/10,14:08:17,Heptane,770.1,0.21,0.79,0.0,0.0,3.57,2.98,0.52,8.4,Extinction
FLEX-051,209F005,1/19/10,16:38:35,Heptane,771.4,0.21,0.79,0.0,0.0,2.41,0,0.65,8.2,Completion
FLEX-052,210F002,1/11/10,13:46:44,Heptane,771.1,0.3,0.7,0.0,0.0,3.53,0,0.7,18.3,Disruption
FLEX-054,190F003,1/29/10,11:27:01,Methanol,541.4,0.2,0.8,0.0,0.0,3.56,-,0.41,29,Extinction
FLEX-055,218F001,1/29/10,16:06:50,Methanol,542.6,0.2,0.8,0.0,0.0,3.37,2.39,0.46,20.5,Disruption
FLEX-056,194F001,1/29/10,19:13:22,Heptane,544.1,0.2,0.79,0.0,0.0,3.56,3.04,0.44,7.9,Completion
FLEX-057,303F001,1/29/10,19:50:16,Heptane,544.4,0.2,0.79,0.0,0.0,3.1,2.49,0.54,6.8,Extinction
FLEX-058,176F001,2/4/10,2:32:01,Methanol,773.3,0.18,0.82,0.0,0.0,3.69,-,0.42,29.1,Extinction
FLEX-059,176R001,2/4/10,0:26:28,Methanol,769.2,0.18,0.82,0.0,0.0,2.93,1.39,0.43,17.7,Extinction
FLEX-060,204F001,2/4/10,3:26:05,Methanol,773.7,0.18,0.82,0.0,0.0,3.43,-,0.45,23.2,Extinction
FLEX-061,204R001,2/4/10,3:52:39,Methanol,774.1,0.18,0.82,0.0,0.0,3.68,2,0.41,25.7,Extinction
FLEX-062,301F001,3/11/10,21:37:48,Heptane,761.8,0.18,0.82,0.0,0.0,3.43,3.17,0.39,4.8,Extinction
FLEX-063,301F002,3/11/10,23:07:51,Heptane,767.6,0.18,0.81,0.0,0.0,2.15,0,0.51,9.6,Completion
FLEX-064,302F001,3/11/10,22:12:39,Heptane,764.6,0.18,0.81,0.0,0.0,2.69,2.07,0.6,5.5,Extinction
FLEX-065,189R001,3/19/10,8:42:53,Methanol,765.9,0.15,0.85,0.0,0.0,3.37,-,0.4,24.3,Extinction
FLEX-066,189F001,3/19/10,9:26:45,Methanol,766.8,0.15,0.85,0.0,0.0,2.52,1.32,0.38,12.9,Extinction
FLEX-067,189F002,3/19/10,10:17:06,Methanol,767.7,0.15,0.85,0.0,0.0,3.97,3.3,0.36,14.4,Extinction
FLEX-068,189R003,3/19/10,12:04:45,Methanol,768.8,0.15,0.84,0.0,0.0,2.38,1.29,0.39,10.7,Extinction
FLEX-069,193R002,3/23/10,10:23:00,Heptane,767.1,0.14,0.84,0.0,0.0,1.1,0,0.94,1.3,Completion
FLEX-070,193F001,3/23/10,7:25:43,Heptane,761.0,0.15,0.84,0.0,0.0,4.67,4.6,0.41,1.6,Extinction
FLEX-071,189R002,3/19/10,11:19:22,Methanol,768.3,0.15,0.84,0.0,0.0,2.25,-,0.4,8.4,Extinction
FLEX-072,193R001,3/23/10,9:06:37,Heptane,765.2,0.15,0.84,0.0,0.0,1.13,-,0.52,2.5,Completion
FLEX-073,193F001,3/23/10,7:25:43,Heptane,761.0,0.15,0.84,0.0,0.0,4.64,4.58,0.56,1.5,Extinction
FLEX-074,221F001,3/23/10,9:44:36,Heptane,765.9,0.15,0.84,0.0,0.0,1.33,-,0.77,2.3,Completion
FLEX-075,203R002,3/29/10,21:06:40,Methanol,770.8,0.13,0.85,0.0,0.0,2.54,1.78,0.37,9.1,Extinction
FLEX-076,203F001,3/29/10,19:24:36,Methanol,769.5,0.13,0.85,0.0,0.0,3.21,2.78,0.37,8.9,Extinction
FLEX-077,175R001,3/29/10,18:39:20,Methanol,768.4,0.14,0.85,0.0,0.0,3.33,2.91,0.34,8.5,Extinction
FLEX-078,175F001,3/29/10,17:49:23,Methanol,766.0,0.14,0.85,0.0,0.0,2.66,1.66,0.35,12.9,Extinction
FLEX-079,179F001,3/30/10,0:40:16,Heptane,768.1,0.13,0.85,0.0,0.0,2.92,2.86,0.25,1.5,Extinction
FLEX-082,304F001,4/19/10,17:19:17,Methanol,764.6,0.13,0.87,0.0,0.0,2.84,2.39,0.35,7.5,Extinction
FLEX-084,304R001,4/19/10,17:51:24,Methanol,767.2,0.12,0.87,0.0,0.0,2.35,1.42,0.35,10.8,Extinction
FLEX-085,304R002,4/19/10,20:12:58,Methanol,771.2,0.12,0.87,0.0,0.0,2.4,1.77,0.35,9.3,Extinction
FLEX-086,305F002,4/19/10,19:16:37,Methanol,770.0,0.12,0.87,0.0,0.0,3.07,2.56,0.35,9,Extinction
FLEX-087,305F003,4/19/10,20:38:54,Methanol,771.2,0.12,0.87,0.0,0.0,2.64,1.92,0.38,9.3,Extinction
FLEX-088,053R001,5/5/10,22:37:54,Methanol,537.5,0.25,0.6,0.15,0.0,3.01,-,0.53,14.8,Disruption
FLEX-089,053F001,5/5/10,22:19:33,Methanol,537.4,0.25,0.6,0.15,0.0,3.7,-,0.51,24,Disruption
FLEX-090,141R001,5/6/10,0:07:51,Methanol,539.2,0.25,0.6,0.15,0.0,3.62,-,0.53,20.1,Disruption
FLEX-091,141F001,5/5/10,23:10:01,Methanol,538.3,0.25,0.6,0.15,0.0,3.51,-,0.51,18,Disruption
FLEX-092,061F002,6/14/10,22:54:56,Heptane,536.3,0.25,0.6,0.15,0.0,3.41,-,0.55,21.7,Disruption
FLEX-093,149F001,6/15/10,0:32:31,Heptane,537.3,0.25,0.6,0.15,0.0,2.48,0,0.71,8.3,Disruption
FLEX-094,08H101,6/15/10,2:10:43,Heptane,533.6,0.24,0.56,0.2,0.0,3.53,2.76,0.51,10.1,Extinction
FLEX-095,08H201,6/15/10,3:22:41,Heptane,534.4,0.24,0.56,0.2,0.0,3.6,3.04,0.58,8,Extinction
FLEX-097,08M101,6/16/10,22:43:35,Methanol,534.2,0.23,0.56,0.2,0.0,4.25,2.6,0.45,26.5,Completion
FLEX-098,09M201,6/21/10,14:21:26,Methanol,537.1,0.23,0.52,0.25,0.0,3.64,1.74,0.47,22.9,Extinction
FLEX-099,09M101,6/21/10,12:57:34,Methanol,535.0,0.23,0.52,0.25,0.0,4.28,2.32,0.42,33,Extinction
FLEX-100,09H101,6/29/10,8:30:46,Heptane,536.7,0.23,0.52,0.25,0.0,4.14,3.98,0.34,6.1,Extinction
FLEX-101,09H201,6/29/10,9:38:10,Heptane,538.7,0.23,0.52,0.25,0.0,3.88,3.45,0.5,6.5,Extinction
FLEX-102,C10H101,6/29/10,11:21:09,Heptane,534.2,0.21,0.49,0.3,0.0,3.57,3.43,0.33,4.2,Extinction
FLEX-103,C10H201,6/29/10,11:56:02,Heptane,534.3,0.21,0.49,0.3,0.0,4,3.88,0.35,3.2,Extinction
FLEX-104,08M201,6/16/10,23:04:00,Methanol,534.1,0.23,0.56,0.2,0.0,3.6,1.58,0.49,23.2,Extinction
FLEX-105,08M301,6/16/10,23:29:19,Methanol,534.6,0.23,0.56,0.2,0.0,4.17,2,0.47,30.7,Disruption
FLEX-106,09M401,6/21/10,15:52:51,Methanol,538.3,0.23,0.52,0.25,0.0,3.08,1.75,0.51,14.1,Disruption
FLEX-107,08M401,6/16/10,23:51:26,Methanol,535.0,0.23,0.56,0.2,0.0,3.18,-,0.52,15.1,Disruption
FLEX-108,09M301,6/21/10,15:35:57,Methanol,538.3,0.23,0.52,0.25,0.0,3.75,-,0.47,24.3,Completion
FLEX-109,C10M102,8/31/10,5:38:01,Methanol,536.5,0.21,0.49,0.3,0.0,3.56,1.92,0.42,-,Extinction
FLEX-110,C10M201,8/31/10,7:16:40,Methanol,537.0,0.21,0.49,0.3,0.0,2.83,1.57,0.45,13,Extinction
FLEX-111,C10M303,8/31/10,8:58:24,Methanol,536.9,0.21,0.49,0.3,0.0,3.37,2.1,0.45,16.4,Completion
FLEX-112,C10M401,9/1/10,15:27:44,Methanol,530.7,0.21,0.49,0.3,0.0,3.99,2.35,0.43,25.2,Completion
FLEX-113,C11M101,9/1/10,19:17:58,Methanol,534.6,0.2,0.45,0.35,0.0,4.2,2.85,0.49,18.2,Extinction
FLEX-114,C11M201,9/6/10,19:14:22,Methanol,0.0,0.2,0.45,0.35,0.0,3.23,1.68,0.42,18.9,Extinction
FLEX-115,C11M301,9/1/10,20:40:16,Methanol,535.8,0.2,0.45,0.35,0.0,3.97,2.61,0.41,22.9,Extinction
FLEX-116,C11M401,9/1/10,20:57:41,Methanol,536.3,0.2,0.45,0.35,0.0,3.16,1.57,0.46,16.9,Extinction
FLEX-117,C11H101,9/6/10,18:14:53,Heptane,531.1,0.2,0.45,0.35,0.0,3.84,3.77,0.25,2.4,Extinction
FLEX-118,C11H201,9/6/10,19:14:22,Heptane,532.8,0.2,0.45,0.35,0.0,3.03,2.93,0.38,2.5,Extinction
FLEX-119,C12H103,9/7/10,1:50:01,Heptane,532.6,0.18,0.42,0.4,0.0,2.6,2.48,0.37,1.3,Extinction
FLEX-120,C12H201,9/7/10,1:08:26,Heptane,532.5,0.18,0.42,0.4,0.0,2.45,2.39,0.38,1.43,Extinction
FLEX-121,C12M101,9/8/10,19:21:31,Methanol,526.3,0.18,0.42,0.4,0.0,4.25,3.92,0.34,8,Extinction
FLEX-122,C12M201,9/8/10,21:44:37,Methanol,531.2,0.18,0.42,0.4,0.0,3.46,2.58,0.41,13.9,Extinction
FLEX-123,C12M301,9/8/10,22:16:51,Methanol,532.0,0.18,0.42,0.4,0.0,4.13,3.79,0.35,8.7,Extinction
FLEX-124,C12M401,9/8/10,22:45:54,Methanol,532.4,0.18,0.42,0.4,0.0,2.87,2.74,0.3,2.4,Extinction
FLEX-125,C13M103,9/13/10,21:07:02,Methanol,537.2,0.17,0.38,0.45,0.0,3.63,3.37,0.35,5.7,Extinction
FLEX-126,C13M201,9/13/10,18:11:39,Methanol,536.1,0.17,0.38,0.45,0.0,2.8,1.84,0.4,11.7,Extinction
FLEX-127,C13M301,9/13/10,19:22:49,Methanol,536.7,0.17,0.38,0.45,0.0,3.22,2.53,0.38,11,Extinction
FLEX-128,C13M401,9/13/10,19:49:24,Methanol,537.3,0.17,0.38,0.45,0.0,2.91,-,0.39,11.5,Extinction
FLEX-129,C13H102,9/17/10,1:32:49,Heptane,536.2,0.17,0.38,0.45,0.0,3.33,3.34,0.33,0.55,Extinction
FLEX-130,C13H201,9/17/10,3:55:59,Heptane,537.2,0.17,0.38,0.45,0.0,2.91,2.89,0.05,0.6,Extinction
FLEX-131,C21H101,10/6/10,11:28:52,Heptane,763.9,0.24,0.56,0.2,0.0,1.72,0.52,0.61,4.9,Disruption
FLEX-132,C21H201,10/6/10,12:59:06,Heptane,765.2,0.24,0.56,0.2,0.0,2.63,0.53,0.6,12.4,Disruption
FLEX-133,C21H301,10/6/10,13:59:59,Heptane,766.7,0.24,0.56,0.2,0.0,3.25,0.55,0.56,19,Disruption
FLEX-134,C21H401,10/6/10,14:57:06,Heptane,767.2,0.24,0.56,0.2,0.0,3.66,2.88,0.56,9.2,Extinction
FLEX-135,C21H501,10/6/10,16:22:15,Heptane,768.2,0.24,0.56,0.2,0.0,2.78,0,0.59,10.8,Completion
FLEX-136,C21H302,10/6/10,17:30:58,Heptane,768.1,0.24,0.56,0.2,0.0,3.08,-,0.51,17,Completion
FLEX-137,C21H303,10/6/10,17:53:35,Heptane,768.2,0.24,0.56,0.2,0.0,3.13,-,0.55,17.5,Disruption
FLEX-139,C21H305,10/6/10,19:09:45,Heptane,768.0,0.24,0.56,0.2,0.0,1.75,-,0.63,5.4,Disruption
FLEX-140,C14M101,11/4/10,16:52:39,Methanol,533.5,0.15,0.35,0.5,0.0,3.98,3.95,0.2,1.3,Extinction
FLEX-141,C14M201,11/4/10,18:07:51,Methanol,534.1,0.15,0.35,0.5,0.0,2.86,2.73,0.3,2.3,Extinction
FLEX-142,C14M301,11/4/10,19:11:39,Methanol,534.5,0.15,0.35,0.5,0.0,1.86,1.48,0.39,3.4,Extinction
FLEX-143,C14M302,11/4/10,20:19:22,Methanol,534.7,0.15,0.35,0.5,0.0,2.25,2.06,0.36,2.7,Extinction
FLEX-144,C01M101,11/16/10,9:42:08,Methanol,761.9,0.2,0.75,0.05,0.0,3.53,1.53,0.45,23.8,Extinction
FLEX-145,C01M201,11/16/10,10:21:24,Methanol,763.5,0.2,0.75,0.05,0.0,3.33,1.61,0.45,20,Extinction
FLEX-146,C01M301,11/16/10,10:54:23,Methanol,765.5,0.2,0.75,0.05,0.0,4.35,1.95,0.41,39.2,Extinction
FLEX-147,C13M102,9/13/10,17:35:49,Methanol,535.7,0.17,0.38,0.45,0.0,3.02,2.49,0.4,7.8,Extinction
FLEX-148,C01H101,11/18/10,8:39:27,Heptane,764.4,0.2,0.75,0.05,0.0,2.58,1.15,0.54,11.8,Disruption
FLEX-149,C01H201,11/18/10,9:25:38,Heptane,766.2,0.2,0.75,0.05,0.0,2.21,0.82,0.53,8.9,Disruption
FLEX-150,C01H302,11/18/10,10:17:02,Heptane,767.6,0.2,0.75,0.05,0.0,3.18,2.54,0.46,8,Extinction
FLEX-151,C03M101,12/8/10,18:31:22,Methanol,762.5,0.18,0.67,0.15,0.0,3.86,-,0.36,31.3,Completion
FLEX-152,C03M201,12/8/10,20:10:32,Methanol,765.0,0.18,0.67,0.15,0.0,3.33,1.23,0.43,23.2,Extinction
FLEX-153,C03M301,12/8/10,21:08:17,Methanol,765.6,0.18,0.67,0.15,0.0,2.78,1.19,0.42,15.7,Extinction
FLEX-154,C03H101,12/9/10,16:02:14,Heptane,762.3,0.18,0.67,0.15,0.0,3.7,3.6,0.34,2.2,Extinction
FLEX-155,C03H201,12/9/10,17:49:08,Heptane,764.9,0.18,0.67,0.15,0.0,2.73,2.52,0.39,2.7,Extinction
FLEX-157,C03H401,12/9/10,19:12:27,Heptane,765.7,0.18,0.67,0.15,0.0,1.34,0.45,0.48,3.2,Completion
FLEX-158,C05M101,12/14/10,13:41:00,Methanol,762.1,0.16,0.59,0.25,0.0,4.24,3.96,0.3,7.6,Extinction
FLEX-159,C05M201,12/14/10,14:30:46,Methanol,764.4,0.16,0.59,0.25,0.0,3.7,3.22,0.37,10.1,Extinction
FLEX-160,C05M301,12/14/10,15:17:59,Methanol,765.5,0.16,0.59,0.25,0.0,2.71,1.34,0.38,14.9,Extinction
FLEX-161,C05M401,12/14/10,17:51:58,Methanol,767.6,0.16,0.59,0.25,0.0,2.77,1.52,0.38,14.8,Extinction
FLEX-162,C06M101,12/28/10,11:41:39,Methanol,763.3,0.15,0.54,0.32,0.0,3.72,3.5,0.28,6,Extinction
FLEX-163,C06M201,12/28/10,12:05:23,Methanol,764.4,0.15,0.53,0.32,0.0,3.05,2.54,0.37,8.5,Extinction
FLEX-164,C06M301,12/28/10,13:00:43,Methanol,765.9,0.15,0.53,0.32,0.0,2.59,1.63,0.37,11.6,Extinction
FLEX-165,C06M401,12/28/10,13:36:43,Methanol,766.1,0.15,0.53,0.32,0.0,2.59,1.79,0.42,8.9,Extinction
FLEX-166,C03H302,12/9/10,18:51:34,Heptane,765.4,0.18,0.67,0.15,0.0,1.96,1.39,0.54,3.9,Extinction
FLEX-167,C07M101,1/12/11,21:56:45,Methanol,760.8,0.14,0.5,0.36,0.0,3.22,3.08,0.28,3.4,Extinction
FLEX-168,C07M201,1/12/11,22:11:40,Methanol,761.6,0.14,0.5,0.36,0.0,2.32,1.84,0.37,5.9,Extinction
FLEX-169,C15M101,1/18/11,12:54:25,Methanol,763.4,0.21,0.64,0.15,0.0,3.03,1.57,0.48,15.6,Disruption
FLEX-170,C15M201,1/18/11,14:19:29,Methanol,766.1,0.21,0.64,0.15,0.0,3.05,1.28,0.51,16.7,Extinction
FLEX-171,C15M301,1/18/11,15:58:46,Methanol,766.7,0.21,0.64,0.15,0.0,3.53,1.59,0.46,23.6,Extinction
FLEX-172,C03H501,2/21/11,17:56:40,Heptane,759.9,0.18,0.67,0.15,0.0,3.74,3.68,0.35,2.8,Extinction
FLEX-173,C03H601,2/21/11,19:07:48,Heptane,762.0,0.18,0.67,0.15,0.0,2.4,1.96,0.46,4.4,Extinction
FLEX-174,C03H701,2/21/11,19:17:37,Heptane,762.1,0.18,0.67,0.15,0.0,1.35,0.47,0.5,3.6,Disruption
FLEX-175,C08H502,2/21/11,22:15:54,Heptane,531.7,0.24,0.56,0.2,0.0,2.5,0.21,0.56,11.2,Disruption
FLEX-176,C08H601,2/21/11,22:43:37,Heptane,532.1,0.24,0.56,0.2,0.0,2.88,-,0.55,15.6,Extinction
FLEX-177,C08M501,4/18/11,20:27:36,Methanol,536.9,0.24,0.56,0.2,0.0,4.53,-,0.46,38.2,Extinction
FLEX-178,C08M601,4/18/11,20:52:24,Methanol,537.0,0.24,0.56,0.2,0.0,3.02,1.35,0.52,14.5,Extinction
FLEX-179,C09H501,4/20/11,17:56:25,Heptane,533.6,0.23,0.52,0.25,0.0,3.32,2.61,0.5,8.9,Extinction
FLEX-180,C09H601,4/20/11,18:22:58,Heptane,534.4,0.23,0.52,0.25,0.0,2.07,0.48,0.57,7.5,Disruption
FLEX-181,C02H101,4/20/11,20:00:24,Heptane,758.4,0.19,0.71,0.1,0.0,3.4,3.13,0.41,4.5,Extinction
FLEX-182,C02H201,4/20/11,21:14:08,Heptane,759.1,0.19,0.71,0.1,0.0,2.48,1.68,0.49,7,Extinction
FLEX-183,C02H202,4/20/11,21:26:02,Heptane,759.0,0.19,0.71,0.1,0.0,1.64,0.49,0.54,5.1,Disruption
FLEX-184,C09M501,8/8/11,13:14:11,Methanol,534.4,0.23,0.52,0.25,0.0,3.72,-,0.53,26.2,Extinction
FLEX-185,C09M502,8/8/11,13:30:14,Methanol,535.1,0.23,0.52,0.25,0.0,3.42,-,0.51,15.8,Extinction
FLEX-186,C09M601,8/8/11,13:42:04,Methanol,535.2,0.23,0.52,0.25,0.0,2.8,1.33,0.51,12.7,Extinction
FLEX-187,C09M701,8/8/11,14:52:15,Methanol,536.2,0.23,0.52,0.25,0.0,2.47,1.21,0.52,9.2,Extinction
FLEX-188,C02M101,8/8/11,16:16:48,Methanol,758.0,0.19,0.71,0.1,0.0,3.38,1.29,0.47,21.8,Extinction
FLEX-189,C02M201,8/8/11,17:49:19,Methanol,758.1,0.19,0.71,0.1,0.0,2.47,1.08,0.46,11,Extinction
FLEX-190,C03M501,8/9/11,10:53:21,Methanol,761.2,0.18,0.67,0.15,0.0,3.77,1.78,0.42,30.5,Extinction
FLEX-191,C03M601,8/9/11,12:28:41,Methanol,764.6,0.18,0.67,0.15,0.0,2.74,0.95,0.5,14,Extinction
FLEX-192,C03M701,8/9/11,12:46:53,Methanol,765.3,0.18,0.67,0.15,0.0,1.76,0.81,0.46,5.5,Extinction
FLEX-193,C04M101,8/9/11,17:07:27,Methanol,759.5,0.17,0.63,0.2,0.0,3.46,-,0.39,21.8,Extinction
FLEX-194,C04M201,8/9/11,18:26:45,Methanol,759.1,0.17,0.63,0.2,0.0,2.77,1.27,0.4,15.6,Extinction
FLEX-195,C04H101,8/17/11,22:31:20,Heptane,752.0,0.17,0.63,0.2,0.0,3.76,3.71,0.29,1.6,Extinction
FLEX-196,C04H201,8/17/11,22:53:58,Heptane,752.5,0.17,0.63,0.2,0.0,2.9,2.79,0.36,1.9,Extinction
FLEX-197,C01H501,8/18/11,0:24:31,Heptane,758.4,0.2,0.75,0.05,0.0,3.06,2.28,0.52,8.9,Extinction
FLEX-198,C01H601,8/18/11,1:38:10,Heptane,759.8,0.2,0.75,0.05,0.0,3.04,2.33,0.49,8.1,Extinction
FLEX-199,C01H701,8/18/11,1:55:56,Heptane,760.1,0.2,0.75,0.05,0.0,2.12,0.13,0.53,8.7,Disruption
FLEX-200,C01M501,8/24/11,15:07:47,Methanol,754.0,0.2,0.75,0.05,0.0,3.37,0.98,0.49,21,Extinction
FLEX-201,C01M602,8/24/11,15:56:17,Methanol,756.1,0.2,0.75,0.05,0.0,2.57,1.13,0.47,11.7,Extinction
FLEX-202,C01M603,8/24/11,16:18:58,Methanol,756.9,0.2,0.75,0.05,0.0,2.4,1.05,0.48,10.2,Extinction
FLEX-203,N01M101,8/24/11,21:05:01,Methanol,760.2,0.21,0.79,0.0,0.0,3.3,1.42,0.47,19.5,Extinction
FLEX-204,N01M201,8/24/11,21:58:36,Methanol,761.6,0.21,0.79,0.0,0.0,2.75,1.11,0.52,12.8,Extinction
FLEX-206,N01H101,8/29/11,19:04:50,Heptane,756.5,0.21,0.79,0.0,0.0,3.56,-,0.43,23.9,Disruption
FLEX-207,N01H102,8/29/11,19:21:49,Heptane,757.3,0.21,0.79,0.0,0.0,3.58,-,0.42,24,Disruption
FLEX-208,N01H201,8/29/11,20:28:30,Heptane,760.2,0.21,0.79,0.0,0.0,2.96,0.47,0.5,17.1,Extinction
FLEX-209,N01H202,8/29/11,21:54:40,Heptane,762.7,0.21,0.79,0.0,0.0,2.72,1.13,0.54,11.5,Completion
FLEX-210,N01H301,8/29/11,22:19:47,Heptane,762.9,0.21,0.79,0.0,0.0,2.92,-,0.69,12.8,Completion
FLEX-211,N02H101,8/29/11,23:36:18,Heptane,759.8,0.16,0.84,0.0,0.0,3.34,3.18,0.34,3.4,Extinction
FLEX-214,N02H203,8/30/11,0:58:06,Heptane,759.9,0.16,0.84,0.0,0.0,2.52,2.13,0.42,4.5,Extinction
FLEX-215,N03H101,9/1/11,19:44:42,Heptane,764.0,0.15,0.85,0.0,0.0,2.55,2.31,0.37,3.4,Extinction
FLEX-216,N03H201,9/1/11,21:02:30,Heptane,766.2,0.15,0.85,0.0,0.0,1.77,0.33,0.47,6.7,Completion
FLEX-217,N04H101,9/1/11,22:54:16,Heptane,759.8,0.14,0.86,0.0,0.0,4.16,4.15,0.24,1.6,Extinction
FLEX-218,N04H201,9/1/11,23:17:17,Heptane,759.9,0.14,0.86,0.0,0.0,1.83,-,0.39,3.8,Extinction
FLEX-219,N04M101,9/8/11,17:00:27,Methanol,757.6,0.14,0.86,0.0,0.0,3.5,-,0.3,26,Extinction
FLEX-220,N04M201,9/8/11,17:21:15,Methanol,758.3,0.14,0.86,0.0,0.0,2.67,1.27,0.38,15.6,Extinction
FLEX-221,N05M101,9/8/11,19:00:48,Methanol,759.4,0.13,0.87,0.0,0.0,3.46,2.96,0.36,9.5,Extinction
FLEX-222,N05M201,9/8/11,20:24:20,Methanol,760.6,0.13,0.87,0.0,0.0,2.75,1.46,0.35,16.3,Extinction
FLEX-223,N06M101,9/9/11,13:09:53,Methanol,761.6,0.12,0.88,0.0,0.0,2.6,2.09,0.36,6.9,Extinction
FLEX-224,N06M201,9/9/11,13:28:43,Methanol,761.9,0.12,0.88,0.0,0.0,1.94,1.05,0.35,7.8,Extinction
FLEX-225,N06M202,9/9/11,14:26:07,Methanol,763.7,0.12,0.88,0.0,0.0,1.84,1.04,0.38,6,Extinction
FLEX-226,H01M102,9/9/11,17:41:47,Methanol,759.2,0.2,0.75,0.0,0.05,2.91,1.12,0.51,14.4,Extinction
FLEX-229,H01H102,9/13/11,11:55:40,Heptane,755.3,0.2,0.75,0.0,0.05,2.25,-,0.57,~9,Completion
FLEX-230,H01H103,9/13/11,12:22:18,Heptane,756.5,0.2,0.75,0.0,0.05,2.3,-,0.58,9.8,Disruption
FLEX-231,H02M101,9/21/11,22:28:54,Methanol,753.4,0.19,0.71,0.0,0.1,2.78,-,0.57,12.5,Extinction
FLEX-232,H03M101,9/22/11,0:02:52,Methanol,759.2,0.18,0.67,0.0,0.15,2.79,1.3,0.51,12.5,Extinction
FLEX-233,H03M201,9/22/11,0:44:55,Methanol,760.3,0.18,0.67,0.0,0.15,2.95,1.67,0.53,11.7,Extinction
FLEX-234,N01H401,9/23/11,23:18:09,Heptane,767.4,0.21,0.79,0.0,0.0,3.32,1.37,0.52,17.5,Extinction
FLEX-235,N01H502,9/24/11,0:06:41,Heptane,768.1,0.21,0.79,0.0,0.0,2.39,-,0.57,10.6,Disruption
FLEX-236,N01H601,9/24/11,1:06:33,Heptane,769.2,0.21,0.79,0.0,0.0,3.65,2.85,0.57,9.6,Extinction
FLEX-237,H02H101,9/24/11,2:44:09,Heptane,758.8,0.19,0.71,0.0,0.1,2.59,-,0.54,12,Disruption
FLEX-238,H03H101,9/27/11,12:08:14,Heptane,763.7,0.18,0.67,0.0,0.15,3.52,3.28,0.41,4.1,Extinction
FLEX-239,H03H201,9/27/11,13:00:54,Heptane,765.9,0.18,0.67,0.0,0.15,2.3,-,0.49,9.1,Completion
FLEX-240,H03H202,9/27/11,13:25:07,Heptane,766.5,0.18,0.67,0.0,0.15,2.27,-,0.51,8.6,Completion
FLEX-241,H04H101,9/27/11,15:00:33,Heptane,759.3,0.17,0.63,0.0,0.2,2.85,2.6,0.46,3.2,Extinction
FLEX-242,H04H201,9/27/11,15:12:24,Heptane,759.3,0.17,0.63,0.0,0.2,2.12,1.39,0.59,4.5,Extinction
FLEX-244,H04H303,9/27/11,16:40:04,Heptane,759.8,0.17,0.63,0.0,0.2,1.61,-,0.91,2.7,Completion
FLEX-245,H04M101,10/1/11,0:34:58,Methanol,754.2,0.17,0.63,0.0,0.2,2.99,-,0.49,9.1,Extinction
FLEX-246,H04M202,10/1/11,1:21:41,Methanol,757.0,0.17,0.63,0.0,0.2,2.9,1.42,0.51,13.1,Extinction
FLEX-247,H05M102,10/1/11,2:58:40,Methanol,759.9,0.16,0.59,0.0,0.25,3.4,2.79,0.51,7.9,Extinction
FLEX-249,H05H103,10/5/11,14:58:32,Heptane,757.9,0.16,0.59,0.0,0.25,1.49,0.69,0.6,2.9,Extinction
FLEX-250,H06M102,10/7/11,12:12:14,Methanol,755.6,0.15,0.55,0.0,0.3,3.67,3.47,0.43,3.6,Extinction
FLEX-251,H06M201,10/7/11,13:00:56,Methanol,756.7,0.15,0.55,0.0,0.3,2.52,2.06,0.56,4,Extinction
FLEX-252,H07M101,10/7/11,14:25:42,Methanol,759.2,0.14,0.51,0.0,0.35,2.44,2.26,0.56,1.5,Extinction
FLEX-253,H07M202,10/7/11,15:06:17,Methanol,759.8,0.14,0.51,0.0,0.35,1.88,1.73,0.58,1,Extinction
FLEX-254,H08M101,10/11/11,12:11:56,Methanol,763.5,0.13,0.47,0.0,0.4,3.56,3.54,0.51,0.3,Extinction
FLEX-255,H10H101,10/12/11,20:16:43,Heptane,534.0,0.24,0.56,0.0,0.2,3.78,2.52,0.72,12.2,Extinction
FLEX-256,H11H101,10/12/11,21:58:55,Heptane,532.2,0.23,0.52,0.0,0.25,2.8,0.12,0.71,11.4,Completion
FLEX-257,H10M101,11/18/11,14:48:10,Methanol,534.3,0.24,0.56,0.0,0.2,2.82,1.03,0.62,11.2,Extinction
FLEX-258,H10M102,11/18/11,15:19:28,Methanol,534.6,0.24,0.56,0.0,0.2,2.79,1.53,0.7,8.1,Disruption
FLEX-259,H11M101,11/18/11,16:59:20,Methanol,531.7,0.23,0.52,0.0,0.25,2.45,0.86,0.6,8.3,Disruption
FLEX-260,H11M102,11/18/11,17:51:23,Methanol,531.8,0.23,0.52,0.0,0.25,2.61,-,0.73,6.3,Disruption
FLEX-261,H12M101,11/18/11,18:53:50,Methanol,531.9,0.21,0.49,0.0,0.3,3.22,-,0.56,10.4,Extinction
FLEX-262,H12M102,11/18/11,21:29:35,Methanol,531.2,0.21,0.49,0.0,0.3,3.25,1.78,0.65,12.1,Extinction
FLEX-263,H12M201,11/18/11,21:53:16,Methanol,531.2,0.21,0.49,0.0,0.3,2.67,1.42,0.7,7.6,Extinction
FLEX-264,H12H101,11/22/11,13:04:17,Heptane,529.6,0.21,0.49,0.0,0.3,3.23,2.33,0.67,7.5,Extinction
FLEX-265,H12H201,11/22/11,15:49:36,Heptane,529.0,0.21,0.49,0.0,0.3,2.86,0.71,0.7,11,Extinction
FLEX-266,H13H101,11/22/11,20:40:42,Heptane,532.5,0.2,0.45,0.0,0.35,3.69,3.32,0.61,4.3,Extinction
FLEX-267,H13H201,11/22/11,20:58:21,Heptane,532.0,0.2,0.45,0.0,0.35,3.08,1.69,0.67,5.4,Extinction
FLEX-268,H13M102,11/28/11,13:13:31,Methanol,527.6,0.2,0.45,0.0,0.35,3.87,2.24,0.6,17.4,Extinction
FLEX-269,H13M201,11/28/11,13:24:55,Methanol,527.9,0.2,0.45,0.0,0.35,2.95,1.5,0.63,10.6,Extinction
FLEX-270,H14M101,11/28/11,15:07:28,Methanol,532.4,0.18,0.42,0.0,0.4,3.5,2.67,0.59,7.8,Extinction
FLEX-271,H14M201,11/28/11,15:35:38,Methanol,532.9,0.18,0.42,0.0,0.4,2.7,1.92,0.63,5.9,Extinction
FLEX-272,H14M202,11/28/11,15:54:09,Methanol,533.2,0.18,0.42,0.0,0.4,1.84,1.3,0.62,2.3,Extinction
FLEX-273,H14H101,11/30/11,8:39:18,Heptane,528.0,0.18,0.42,0.0,0.4,2.27,1.64,0.71,3.5,Extinction
FLEX-274,H14H201,11/30/11,9:49:07,Heptane,530.3,0.18,0.42,0.0,0.4,1.86,0.84,0.77,3.5,Extinction
FLEX-275,H15H101,11/30/11,11:30:51,Heptane,532.2,0.17,0.38,0.0,0.45,2.22,1.86,0.76,1.9,Extinction
FLEX-276,H15H201,11/30/11,12:09:00,Heptane,532.5,0.17,0.38,0.0,0.45,1.61,0.91,1.06,1.4,Completion
FLEX-277,H15M102,12/5/11,22:54:10,Methanol,530.4,0.17,0.38,0.0,0.45,2.79,2.3,0.63,4,Extinction
FLEX-278,H15M201,12/5/11,23:39:04,Methanol,531.5,0.17,0.38,0.0,0.45,2.68,2.31,0.66,2.9,Extinction
FLEX-279,H19H101,12/8/11,22:29:44,Heptane,764.7,0.21,0.64,0.0,0.15,3.54,2.91,0.55,7.6,Extinction
FLEX-280,H19H201,12/8/11,23:41:45,Heptane,766.2,0.21,0.64,0.0,0.15,2.82,0.73,0.65,11.7,Extinction
